Network,Station,Latitude,Longitude,In_africa,connCnt,Orientation,CCF
1C,AKWI,1.037,36.31,1,319,2,1
1C,ANR,-0.182,36.245,1,447,2,1
1C,BHT,-0.144,36.157,1,476,2,1
1C,BLS,-0.114,36.16,1,413,2,1
1C,DIGR,-0.096,35.985,1,236,2,1
1C,GSSH,-0.159,36.24,1,352,0,1
1C,KAPD,1.185,36.105,1,316,2,1
1C,KIMU,-0.266,36.025,1,256,2,1
1C,KTG,0.902,36.257,1,236,2,1
1C,LWHS,-0.222,36.177,1,433,0,1
1C,MCN1,-0.194,36.083,1,420,2,1
1C,MNP,-0.218,35.947,1,429,2,1
1C,MOND,0.896,36.086,1,316,2,1
1C,NAK,0.77,36.165,1,316,2,1
1C,NASO,1.172,36.359,1,237,2,1
1C,NATN,1.041,36.123,1,326,2,1
1C,NAUD,1.027,36.2198,1,325,2,1
1C,NDG,-0.106,36.059,1,426,2,1
1C,RGO,-0.156,36.049,1,474,2,1
1C,SIL,1.149,36.238,1,296,2,1
1C,SLS,-0.01,36.128,1,433,2,1
1C,TOR1,-0.178,36.007,1,425,2,1
1C,VWP,-0.259,36.093,1,460,2,1
2H,ABAE,13.3535,39.7635,1,467,1,1
2H,AFME,13.204,40.8585,1,448,1,1
2H,AHME,14.0889,40.2784,1,330,1,1
2H,ASYE,11.5607,41.4422,1,289,1,1
2H,BIME,12.84183,40.98386,1,251,0,1
2H,BTIE,11.1949,40.0218,1,110,1,1
2H,DALE,14.229,40.2178,1,389,1,1
2H,DAME,11.6868,40.9625,1,199,1,1
2H,ERTE,13.4463,40.4969,1,455,1,1
2H,FINE,12.0681,40.316,1,246,1,1
2H,GALE,13.7251,40.394,1,384,1,1
2H,GPSE,13.48817,40.528332,1,314,0,1
2H,GULE,13.6945,39.5885,1,327,1,1
2H,HALE,13.8422,40.0077,1,387,1,1
2H,HITE,13.1012,40.3169,1,391,1,1
2H,IGRE,12.2526,40.4612,1,443,1,1
2H,KOZE,12.4948,40.9849,1,449,1,1
2H,LULE,11.9892,40.7037,1,293,1,1
2H,MAYE,12.7832,39.5343,1,249,1,1
2H,SAHE,12.0401,40.977,1,337,1,1
2H,SEME,11.7926,41.0043,1,290,1,1
2H,TRUE,12.4812,40.3148,1,336,1,1
3D,MM01,31.543,-7.677,1,453,2,1
3D,MM02,31.232,-7.422,1,450,2,1
3D,MM03,30.878,-6.9,1,420,2,1
3D,MM04,30.737,-6.63,1,449,2,1
3D,MM05,30.68,-6.39,1,450,2,1
3D,MM06,30.508,-6.066,1,451,2,1
3D,MM07,30.258,-5.608,1,453,2,1
3D,MM08,31.026,-6.492,1,451,2,1
3D,MM09,30.586,-7.201,1,452,2,1
3D,MM10,30.53,-7.928,1,454,2,1
3D,MM11,30.646,-8.596,1,453,2,1
3D,MM12,30.405,-8.827,1,451,2,1
3D,MM13,30.539,-9.584,1,453,2,1
3D,MM14,30.042,-9.169,1,452,2,1
3D,MM15,31.199,-8.897,1,453,2,1
6A,WP01,-21.352,15.44,1,406,0,1
6A,WP02,-21.305,14.475,1,404,0,1
6A,WP03,-21.022,14.682,1,353,0,1
6A,WP04,-21.23,14.901,1,327,0,1
6A,WP05,-20.54388,14.46245,1,405,0,1
6A,WP06,-20.214,15.013,1,355,0,1
6A,WP07,-20.364,13.52,1,405,0,1
6A,WP08,-19.875,12.977,1,405,0,1
6A,WP09,-19.109,12.591,1,402,0,1
6A,WP10,-18.752,12.369,1,392,0,1
6A,WP11,-18.078,13.885,1,347,0,1
6A,WP12,-17.865,13.028,1,390,0,1
6A,WP13,-18.16,12.558,1,401,0,1
6A,WP14,-17.217,12.428,1,403,0,1
6A,WP15,-17.004,13.244,1,347,0,1
6A,WP16,-17.334,13.838,1,398,0,1
6A,WP17,-18.777,12.933,1,318,0,1
6A,WP18,-19.175,15.884,1,406,0,1
6A,WP19,-19.044,14.479,1,324,0,1
6A,WP20,-18.687,14.946,1,405,0,1
6A,WP21,-19.622,14.848,1,405,0,1
6A,WP22,-19.885,13.949,1,336,0,1
6A,WP23,-19.124,13.614,1,325,0,1
6A,WP24,-19.33,13.157,1,335,0,1
6A,WP25,-18.563,13.677,1,279,0,1
6A,WP26,-18.229,13.274,1,324,0,1
6A,WP27,-17.434,13.274,1,275,0,1
6A,WP28,-17.808,12.33,1,330,0,1
7C,AIR,11.147,42.162,1,194,0,1
7C,ARTA,11.526,42.847,1,236,0,1
7C,ASE,11.004,42.104,1,247,0,1
7C,ATA2,11.454,42.203,1,235,0,1
7C,BLS,11.591,42.518,1,235,0,0
7C,DAF2,11.608,42.529,1,170,0,0
7C,DAO,11.76,42.14,1,251,0,1
7C,DAY,11.753,42.638,1,151,0,1
7C,DLM,11.615,42.549,1,210,0,1
7C,FIEA,11.589,42.507,1,230,0,1
7C,FIK2,11.592,42.511,1,290,0,0
7C,GAG,11.534,42.326,1,0,0,0
7C,GID,11.401,42.314,1,0,0,0
7C,GOR,11.288,42.223,1,281,0,1
7C,KKO,11.519,42.422,1,229,0,1
7C,LDL2,11.584,42.499,1,211,0,1
7C,MCH,11.73,43.212,0,147,0,1
7C,MOY2,11.63,42.492,1,239,0,1
7C,NRAE,11.642,42.578,1,285,0,1
7C,OBO2,11.985,43.291,1,240,0,1
7C,ODK2,11.597,42.486,1,206,0,1
7C,PCKD,11.535,42.445,1,0,0,0
7C,PGMD,11.617,42.556,1,0,0,0
7C,PTLY,11.559,42.497,1,0,0,0
7C,PTRF,11.552,42.486,1,0,0,0
7C,PTRN,11.598,42.513,1,0,0,0
7C,RAND,11.847,42.663,1,0,0,0
7C,SBLV,11.578,42.495,1,0,0,0
7C,WADA,11.557,42.455,1,0,0,0
7C,WAY,11.677,42.599,1,0,0,0
7C,YOB,11.51,42.106,1,0,0,0
8A,AIAI,-27.915554,17.491323,1,121,2,1
8A,AROB,-26.798342,19.647346,1,73,2,1
8A,ARON,-24.135471,19.119961,1,119,2,1
8A,BAHE,-21.3521,15.4405,1,239,2,1
8A,GAMM,-20.2505,20.8253,1,239,2,1
8A,HAO,-17.8869,15.0599,1,234,2,1
8A,HELM,-25.880621,16.828016,1,120,2,1
8A,HOCH,-21.4902,17.8531,1,235,2,1
8A,KANO,-19.194901,19.4398,1,147,2,1
8A,KETS,-26.841192,17.9436,1,121,2,1
8A,MALT,-24.846022,16.996233,1,119,2,1
8A,MARI,-24.598499,17.931368,1,120,2,1
8A,NEPA,-17.7703,18.4597,1,225,1,1
8A,OKAM,-20.407301,18.2187,1,237,2,1
8A,OMUT,-18.4093,16.6364,1,236,2,1
8A,OTJO,-20.018,15.9799,1,237,2,1
8A,SOLI,-23.861238,16.039537,1,120,2,1
8A,WAND,-24.649982,19.743595,1,118,2,1
8A,WEWE,-21.209,16.809099,1,234,2,1
AF,AAUS,9.0349,38.7665,1,797,1,1
AF,ANKE,9.5827,39.7418,1,742,1,1
AF,BLWY,-20.143,28.611,1,689,1,1
AF,BOBN,-1.66,29.2367,1,426,1,1
AF,CNG,-26.2917,32.1883,1,374,1,1
AF,CRLN,-25.9949,30.022699,1,174,2,1
AF,CVNA,-31.482,19.762,1,532,1,1
AF,DESE,11.118,39.635,1,832,1,1
AF,DODT,-6.186,35.748,1,849,1,1
AF,EKNA,4.234,9.328,0,417,1,1
AF,GETA,-2.866,33.241,1,514,1,1
AF,GRHM,-33.276688,26.376724,1,135,2,1
AF,GRM,-33.313,26.508,1,370,1,1
AF,HARE,-17.704,31.009,1,127,1,1
AF,HVD,-30.605,25.497,1,498,1,1
AF,IFE,7.5467,4.4569,1,397,1,1
AF,KAD,10.4305,7.6403,1,306,1,1
AF,KIG,-1.9634,30.0633,1,0,1,0
AF,KTWE,-12.814,28.209,1,706,1,1
AF,KUKU,6.1923,-0.3684,1,642,1,1
AF,LBB,-11.631,27.485,1,585,1,1
AF,MBEY,-9.0,33.25,1,660,1,1
AF,MONG,-15.15,23.09,1,0,1,0
AF,MOPA,-23.517,31.398,1,525,1,1
AF,MSNA,-22.449,30.024,1,136,1,1
AF,MTVE,-10.25,40.167,1,272,1,1
AF,MZM,-11.434,34.035,1,0,1,0
AF,NBI,-1.2739,36.8037,1,465,1,1
AF,NSU,6.86685,7.41742,1,379,0,1
AF,PKA,-29.67,22.757,1,642,1,1
AF,POGA,-27.346,31.707,1,452,1,1
AF,PWET,-8.28,28.53,1,0,1,0
AF,RUDU,-17.909599,19.764799,1,82,2,1
AF,SEK,-28.323,27.625,1,346,1,1
AF,SHAI,5.8814,0.0439,1,425,1,1
AF,SKRH,-22.827,44.733,0,362,1,1
AF,SNKL,-28.27528,27.7714,1,146,2,1
AF,SOE,-32.712,25.562,1,193,1,1
AF,SWZ,-27.182,25.332,1,502,1,1
AF,TEBE,0.0536,32.483,1,816,1,1
AF,TETE,-16.1467,33.5768,1,135,1,1
AF,TEZI,-15.747,26.016,1,801,1,1
AF,UPI,-28.362,21.253,1,500,1,1
AF,WDLM,-26.424,27.422,1,347,1,1
AF,WIN,-22.5667,17.1,1,928,1,1
AF,YNDE,3.87,11.456,1,678,1,1
AF,ZOMB,-15.3833,35.35,1,0,1,0
BX,BROLN,-21.09967,27.33424,1,59,2,1
BX,CKGRV,-21.403549,23.771767,1,73,2,1
BX,GMARE,-19.389299,22.162458,1,54,2,1
BX,GRTLG,-21.36191,21.215712,1,59,2,1
BX,KDWAN,-23.38039,24.660793,1,58,2,1
BX,KGCAE,-22.853821,22.206787,1,59,2,1
BX,KHWEE,-21.9464,25.446911,1,59,2,1
BX,KOOLE,-22.993059,20.195551,1,59,2,1
BX,KSANE,-17.800171,25.161894,1,59,2,1
BX,LKGWB,-24.11351,21.782303,1,59,2,1
BX,LPHEP,-23.363029,25.859613,1,59,2,1
BX,MAKGR,-25.81185,24.800846,1,59,2,1
BX,MREMI,-22.56967,27.446815,1,58,2,1
BX,PHDHD,-20.195681,24.537193,1,59,2,1
BX,PHPEN,-25.475531,22.857294,1,0,0,0
BX,QNGWA,-19.52956,21.174,1,58,2,1
BX,SKOMA,-24.515341,23.932789,1,59,2,1
BX,SOOWA,-20.562851,26.21785,1,0,0,0
BX,XAUDM,-18.53956,21.338223,1,54,2,1
DW,TOL,39.8814,-4.0485,0,6,1,1
ES,EOSO,28.072,-15.553,1,1093,2,1
G,ATD,11.53,42.847,1,1196,1,1
G,EVO,38.532,-8.013,0,14,1,1
G,FOMA,-24.9757,46.9789,0,599,1,1
G,MBO,14.392,-16.9555,1,1210,1,1
G,RER,-21.1712,55.7399,0,861,1,1
G,TAM,22.7915,5.5284,1,1305,1,1
GE,APE,34.9777,24.8859,0,136,1,1
GE,APEZ,34.9777,24.8859,0,86,1,1
GE,BGIO,31.7219,35.0877,0,39,1,1
GE,CART,37.5868,-1.0012,0,220,1,1
GE,CSS,34.9611,33.331,0,192,1,1
GE,DAMY,14.5725,44.3917,0,211,1,1
GE,EIL,29.6699,34.9512,0,294,1,1
GE,FODE,35.3797,24.9576,0,86,1,1
GE,GHAR,32.1224,13.0885,1,81,1,1
GE,GVD,34.8392,24.0873,0,136,1,1
GE,ISP,37.8433,30.5093,0,223,1,1
GE,JER,31.7719,35.1972,0,175,1,1
GE,KMBO,-1.1268,37.2523,1,375,1,1
GE,KSDI,33.192,35.659,0,100,1,1
GE,LAST,35.1611,25.4786,0,65,1,1
GE,MAHO,39.8959,4.2665,0,139,1,1
GE,MALT,38.3134,38.4273,0,131,1,1
GE,MELI,35.2899,-2.9392,1,282,1,1
GE,MRNI,33.1178,35.392,0,130,1,1
GE,NAI,-1.2739,36.8037,1,28,1,1
GE,SANT,36.371,25.459,0,199,1,1
GE,SELV,37.2383,-3.7277,0,71,1,1
GE,SFS,36.4656,-6.2055,0,120,1,1
GE,SFUC,36.637,-6.175,0,139,1,1
GE,SKD,35.412,23.928,0,157,1,1
GE,SOCY,12.187,53.9874,0,277,1,1
GE,ZKR,35.1147,26.217,0,67,1,1
GT,BGCA,5.1764,18.4242,1,254,1,1
GT,BOSA,-28.6141,25.2555,1,1274,1,1
GT,DBIC,6.6702,-4.8566,1,1201,1,1
GT,LBTB,-25.0151,25.5966,1,1257,1,1
GY,A22,37.9293,58.1125,0,7,1,1
GY,AH,37.9293,58.1125,0,27,1,1
GY,B32,37.9293,58.1125,0,7,1,1
GY,BH,37.9293,58.1125,0,27,1,1
GY,C22,37.9293,58.1125,0,7,1,1
GY,CH,37.9293,58.1125,0,27,1,1
GY,D32,37.9293,58.1125,0,7,1,1
GY,DH,37.9293,58.1125,0,27,1,1
GY,E22,37.9293,58.1125,0,7,1,1
GY,EH,37.9293,58.1125,0,27,1,1
GY,F32,37.9293,58.1125,0,7,1,1
GY,FH,37.9293,58.1125,0,27,1,1
GY,G22,37.9293,58.1125,0,7,1,0
GY,GH,37.9293,58.1125,0,0,1,0
GY,H32,37.9293,58.1125,0,7,1,1
GY,HH,37.9293,58.1125,0,0,1,0
GY,NH,37.9293,58.1125,0,7,1,0
GY,ORGH,37.9293,58.1125,0,7,1,1
GY,ORH,37.9293,58.1125,0,27,1,1
GY,SEH,37.9293,58.1125,0,7,1,1
GY,SWH,37.9293,58.1125,0,7,1,1
HL,ARG,36.2136,28.1212,0,552,1,1
HL,ITM,37.1787,21.9252,0,603,1,1
HL,KEK,39.7127,19.7962,0,553,1,1
II,ABKT,37.9304,58.1189,0,642,1,1
II,ABPO,-19.018,47.229,0,638,1,1
II,ASCN,-7.9327,-14.3601,0,854,1,1
II,MBAR,-0.6019,30.7382,1,1035,1,1
II,MSEY,-4.6737,55.4792,0,768,1,1
II,RAYN,23.5225,45.5032,0,738,1,1
II,SACV,14.97,-23.609,1,995,2,1
II,SUR,-32.3797,20.8117,1,1264,1,1
IP,MTOR,28.4948,-9.8487,1,270,1,1
IU,AAE,9.0292,38.7656,1,41,0,1
IU,ANTO,39.868,32.7934,0,457,1,1
IU,FURI,8.8952,38.6798,1,1241,1,1
IU,KMBO,-1.1271,37.2525,1,1251,1,1
IU,KOWA,14.4967,-4.014,1,619,2,1
IU,LSZ,-15.2779,28.1882,1,1224,1,1
IU,MACI,28.2502,-16.5082,0,605,1,1
IU,MSKU,-1.6557,13.6116,1,479,1,1
IU,NAI,-1.2739,36.8037,1,39,1,1
IU,PAB,39.5446,-4.3499,0,863,1,1
IU,TBT,28.6794,-17.9145,0,37,1,1
IU,TOL,39.8814,-4.0485,0,5,1,1
IU,TSUM,-19.2022,17.5838,1,776,1,1
KO,BALB,39.64,27.88,0,436,1,1
KO,BNN,38.8522,35.8472,0,220,1,1
KO,DKL,39.0713,26.9053,0,0,1,0
KO,ELL,36.7483,29.9085,0,461,1,1
KO,GAZ,37.1722,37.2097,0,458,1,1
KO,GURO,38.5509,42.0322,0,460,1,1
KO,SIRT,37.501,42.4392,0,431,1,1
KW,MIB,29.8032,47.3388,0,246,1,1
LX,GGNV,38.7185,-9.1505,0,567,1,1
LX,MESJ,37.8395,-8.2199,0,560,1,1
LX,MORF,37.3043,-8.6527,0,567,1,1
MN,AIO,37.9712,15.233,0,65,1,1
MN,CEL,38.2603,15.8939,0,663,1,1
MN,CLTB,37.578,13.216,0,668,1,1
MN,CUC,39.993,15.815,0,493,1,1
MN,GFA,34.338,9.073,1,39,1,1
MN,IDI,35.288,24.89,0,772,1,1
MN,KEG,29.9275,31.8292,1,174,1,1
MN,MDT,32.817,-4.614,1,114,1,1
MN,MEB,36.303,2.73,1,13,1,1
MN,RTC,33.9881,-6.8569,1,1008,1,1
MN,TIP,39.1794,16.7583,0,680,1,1
MN,VAE,37.469,14.3533,0,77,1,1
MN,VSL,39.496,9.378,0,805,1,1
MN,WDD,35.8373,14.5242,0,786,1,1
NJ,AWK,6.243,7.112,1,0,0,0
NJ,IFE,7.55,4.547,1,209,0,1
NJ,KAD,10.435,7.6414,1,197,0,1
NJ,NSU,6.867,7.417,1,221,0,1
NJ,TORO,10.986,8.118,1,473,1,1
NR,NE201,-24.515341,23.932789,1,410,2,1
NR,NE202,-24.11351,21.782303,1,398,2,1
NR,NE203,-22.993059,20.195551,1,292,2,1
NR,NE204,-18.53956,21.338223,1,236,2,1
NR,NE205,-18.62088,23.500484,1,162,2,1
NR,NE206,-17.800171,25.161894,1,178,2,1
NR,NE207,-19.52956,21.174,1,172,2,1
NR,NE208,-21.9464,25.446911,1,354,2,1
NR,NE209,-21.403549,23.771767,1,211,2,1
NR,NE210,-21.36191,21.215712,1,169,2,1
NR,NE211,-22.853821,22.206787,1,409,2,1
NR,NE212,-23.38039,24.660793,1,392,2,1
NR,NE213,-25.475531,22.857294,1,409,2,0
NR,NE214,-19.389299,22.162458,1,140,2,1
NR,NE215,-18.78417,25.196014,1,99,0,1
NR,NE216,-20.195681,24.537193,1,292,2,1
NR,NE217,-21.09967,27.33424,1,180,2,1
NR,NE218,-20.562851,26.21785,1,401,2,1
NR,NE219,-22.56967,27.446815,1,143,2,1
NR,NE220,-23.363029,25.859613,1,409,2,1
NR,NE221,-25.81185,24.800846,1,293,2,1
PM,PESTR,38.8672,-7.5902,0,639,1,1
PM,PFVI,37.1328,-8.8268,0,600,1,1
PM,PMOZ,32.823,-17.1972,0,601,1,1
PM,PVAQ,37.4037,-7.7173,0,642,1,1
TT,TATN,32.5787,10.5292,1,443,1,1
WM,CART,37.5868,-1.0012,0,119,1,1
WM,MAHO,39.8959,4.2665,0,124,1,1
XA,SA01,-34.2945,19.246,1,118,1,1
XA,SA02,-33.7351,20.2663,1,90,1,1
XA,SA03,-33.6619,21.3354,1,90,1,1
XA,SA04,-32.8505,19.6206,1,91,1,1
XA,SA05,-32.605,21.5346,1,90,1,1
XA,SA07,-31.9776,20.2262,1,119,1,1
XA,SA08,-31.9103,22.0729,1,119,1,1
XA,SA09,-30.9221,22.9861,1,90,1,1
XA,SA10,-30.9724,23.9136,1,91,1,1
XA,SA11,-29.965,20.9466,1,88,1,1
XA,SA12,-29.8486,22.2533,1,119,1,1
XA,SA13,-29.9788,23.1396,1,119,1,1
XA,SA139,-25.8519,26.2662,1,101,1,1
XA,SA14,-29.8682,24.0226,1,93,1,1
XA,SA15,-29.9038,25.0323,1,93,1,1
XA,SA155,-22.8786,28.3402,1,91,1,1
XA,SA16,-28.9503,22.1951,1,87,1,1
XA,SA169,-22.2623,29.2134,1,117,1,1
XA,SA17,-28.9321,23.2257,1,119,1,1
XA,SA18,-28.6328,24.3056,1,117,1,1
XA,SA19,-28.9056,24.8328,1,90,1,1
XA,SA20,-29.0221,26.1953,1,93,1,1
XA,SA22,-27.9662,22.0091,1,87,1,1
XA,SA23,-27.9304,23.4046,1,119,1,1
XA,SA24,-27.8833,24.2365,1,119,1,1
XA,SA25,-27.8459,25.1259,1,120,1,1
XA,SA26,-27.5456,26.1803,1,91,1,1
XA,SA27,-27.8625,27.2943,1,92,1,1
XA,SA28,-27.8982,28.0656,1,91,1,1
XA,SA29,-26.9317,23.0349,1,88,1,1
XA,SA30,-27.0715,24.1651,1,119,1,1
XA,SA31,-26.9952,25.0209,1,119,1,1
XA,SA32,-26.8655,26.2845,1,119,1,1
XA,SA33,-26.8986,27.1793,1,91,1,1
XA,SA34,-26.8,28.1,1,91,1,1
XA,SA35,-27.0183,29.0883,1,91,1,1
XA,SA36,-26.8771,30.1249,1,91,1,1
XA,SA37,-25.9705,23.7212,1,87,1,1
XA,SA38,-25.9334,25.0846,1,119,1,1
XA,SA39,-25.8952,26.1514,1,77,1,1
XA,SA40,-25.8981,27.149,1,118,1,1
XA,SA42,-25.665,29.2223,1,90,1,1
XA,SA43,-25.7868,30.0669,1,81,1,1
XA,SA44,-26.0321,30.9022,1,91,1,1
XA,SA45,-24.8792,26.1644,1,118,1,1
XA,SA46,-24.8382,27.1092,1,119,1,1
XA,SA47,-24.8469,28.1618,1,116,1,1
XA,SA48,-24.8948,29.2163,1,91,1,1
XA,SA49,-24.9597,30.3091,1,90,1,1
XA,SA50,-23.8722,27.1662,1,113,1,1
XA,SA51,-23.8628,28.1567,1,119,1,1
XA,SA52,-23.7983,28.8975,1,0,1,0
XA,SA53,-24.1134,29.3328,1,91,1,1
XA,SA54,-23.7288,30.668,1,86,1,1
XA,SA55,-22.98,28.2981,1,88,1,1
XA,SA56,-23.0059,29.0743,1,119,1,1
XA,SA57,-22.9811,30.0202,1,119,1,1
XA,SA58,-23.518,31.3973,1,84,1,1
XA,SA59,-24.8373,24.464,1,80,1,1
XA,SA60,-23.8519,24.9594,1,80,1,1
XA,SA61,-23.9481,24.022,1,79,1,1
XA,SA62,-24.8505,25.135,1,79,1,1
XA,SA63,-23.6583,26.082,1,80,1,1
XA,SA64,-22.9694,26.2017,1,80,1,1
XA,SA65,-22.8183,27.2218,1,80,1,1
XA,SA66,-21.9005,26.3727,1,80,1,1
XA,SA67,-21.8859,27.2736,1,80,1,1
XA,SA68,-21.9504,28.1878,1,80,1,1
XA,SA69,-22.3048,29.2661,1,0,1,0
XA,SA70,-21.0883,26.3352,1,80,1,1
XA,SA71,-20.9258,27.1408,1,80,1,1
XA,SA72,-20.143,28.6113,1,113,1,1
XA,SA73,-21.8537,30.2776,1,80,1,1
XA,SA74,-21.923,30.9357,1,84,1,1
XA,SA75,-20.8601,28.9991,1,87,1,1
XA,SA76,-20.6361,29.8464,1,119,1,1
XA,SA77,-20.7557,30.9191,1,87,1,1
XA,SA78,-19.4671,30.7723,1,119,1,1
XA,SA79,-20.0211,30.5173,1,87,1,1
XA,SA80,-19.9593,31.3179,1,80,1,1
XA,SA81,-30.9251,21.2681,1,113,1,1
XA,SA82,-30.9771,22.2466,1,119,1,1
XB,CM01,2.389,9.834,0,64,1,1
XB,CM02,2.698,13.289,1,147,1,1
XB,CM03,3.519,15.034,1,148,1,1
XB,CM04,2.979,11.959,1,147,1,1
XB,CM05,2.942,9.914,0,64,1,1
XB,CM06,2.385,11.268,1,155,1,1
XB,CM07,3.87,11.456,1,153,1,1
XB,CM08,3.909,9.863,1,136,1,1
XB,CM09,4.234,9.328,0,65,1,1
XB,CM10,4.223,10.619,1,149,1,1
XB,CM11,3.98,13.188,1,150,1,1
XB,CM12,4.481,11.634,1,151,1,1
XB,CM13,4.588,9.462,1,148,1,1
XB,CM14,4.422,14.358,1,150,1,1
XB,CM15,5.034,9.933,1,150,1,1
XB,CM16,5.48,10.572,1,149,1,1
XB,CM17,5.546,12.312,1,151,1,1
XB,CM18,5.723,9.355,1,162,1,1
XB,CM19,5.975,11.232,1,150,1,1
XB,CM20,6.225,10.054,1,150,1,1
XB,CM21,6.467,12.62,1,150,1,1
XB,CM22,6.477,13.268,1,150,1,1
XB,CM23,6.37,10.793,1,149,1,1
XB,CM24,6.523,14.288,1,153,1,1
XB,CM25,6.76,11.811,1,150,1,1
XB,CM26,7.265,13.548,1,158,1,1
XB,CM27,7.359,12.667,1,147,1,1
XB,CM28,8.469,13.237,1,150,1,1
XB,CM29,9.347,13.385,1,155,1,1
XB,CM30,9.757,13.95,1,150,1,1
XB,CM31,10.327,15.262,1,150,1,1
XB,CM32,10.619,14.372,1,155,1,1
XB,PM01,35.7016,-5.6543,1,434,1,1
XB,PM02,35.6101,-5.3471,1,411,1,1
XB,PM03,35.5104,-5.7713,1,434,1,1
XB,PM04,35.4026,-5.1525,1,443,1,1
XB,PM05,35.2134,-5.3368,1,443,1,1
XB,PM06,35.3086,-5.639,1,433,1,1
XB,PM07,35.2275,-4.9863,1,444,1,1
XB,PM08,35.1448,-4.7082,1,359,1,1
XB,PM09,35.0273,-5.1145,1,330,1,1
XB,PM10,34.7379,-5.1368,1,426,1,1
XB,PM11,34.9308,-4.3119,1,448,1,1
XB,PM12,34.8505,-4.6084,1,432,1,1
XB,PM13,34.6723,-4.9354,1,432,1,1
XB,PM14,34.5522,-5.1267,1,432,1,1
XB,PM15,34.4694,-4.6997,1,433,1,1
XB,PM16,35.1304,-3.6948,1,412,1,1
XB,PM17,34.3914,-5.2954,1,419,1,1
XB,PM18,34.15,-4.8195,1,409,1,1
XB,PM19,34.1427,-5.1308,1,430,1,1
XB,PM20,33.9064,-5.0329,1,411,1,1
XB,PM21,33.7205,-5.3197,1,497,1,1
XB,PM22,33.2947,-5.1071,1,302,1,1
XB,PM22B,33.3079,-5.1024,1,420,1,1
XB,PM23,33.128,-5.03,1,496,1,1
XB,PM24,32.9953,-4.8979,1,496,1,1
XB,PM25,32.8757,-4.888,1,371,1,1
XB,PM26,32.5245,-4.5659,1,496,1,1
XB,PM27,32.3499,-4.6537,1,497,1,1
XB,PM28,32.2317,-4.6171,1,495,1,1
XB,PM29,32.0844,-4.3913,1,497,1,1
XB,PM30,31.8634,-4.2718,1,373,1,1
XB,PM30A,31.823,-4.2715,1,344,1,1
XB,PM31,32.7063,-4.7195,1,188,1,1
XB,PM31A,32.7186,-4.739,1,459,1,1
XB,PM32,31.568,-4.1914,1,497,1,1
XB,PM33,31.4318,-4.2427,1,373,1,1
XB,PM33A,31.414,-4.2897,1,343,1,1
XB,PM34,31.2912,-4.1068,1,498,1,1
XB,PM35,31.0463,-3.9958,1,499,1,1
XB,PM36,34.8894,-3.7359,1,402,1,1
XB,PM37,34.9507,-3.1506,1,402,1,1
XB,PM38,34.8385,-2.8737,1,399,1,1
XB,PM39,34.889,-2.6104,1,403,1,1
XB,PM40,34.9075,-2.2104,1,405,1,1
XB,PS01,36.08,-5.6236,0,343,1,1
XB,PS02,36.2564,-5.3708,0,297,1,1
XB,PS03,36.3932,-5.415,0,346,1,1
XB,PS04,36.6051,-5.3228,0,346,1,1
XB,PS05,36.6457,-5.0938,0,314,1,1
XB,PS06,36.7314,-5.5144,0,297,1,1
XB,PS07,36.6706,-4.7988,0,278,1,1
XB,PS08,36.741,-4.643,0,297,1,1
XB,PS09,36.8235,-5.2325,0,297,1,1
XB,PS10,36.8025,-4.9044,0,297,1,1
XB,PS11,36.8728,-4.6805,0,295,1,1
XB,PS12,37.0506,-5.1867,0,297,1,1
XB,PS13,37.0573,-4.7495,0,297,1,1
XB,PS14,37.1475,-5.5178,0,296,1,1
XB,PS15,37.1409,-4.5028,0,297,1,1
XB,PS16,37.2131,-5.0491,0,296,1,1
XB,PS17,37.2934,-5.3916,0,297,1,1
XB,PS18,37.2498,-4.7376,0,297,1,1
XB,PS19,37.3716,-4.9943,0,296,1,1
XB,PS21,37.3446,-4.4559,0,296,1,1
XB,PS22,37.3658,-4.7038,0,192,1,1
XB,PS23,37.5602,-5.1014,0,296,1,1
XB,PS24,37.6071,-5.4031,0,296,1,1
XB,PS26,37.722,-4.9634,0,296,1,1
XB,PS30,37.836,-4.9038,0,285,1,1
XB,PS33,38.1574,-4.9056,0,294,1,1
XB,PS34,38.4335,-4.7503,0,228,1,1
XB,PS35,38.7136,-4.8819,0,278,1,1
XB,PS37,38.9997,-4.9555,0,225,1,1
XB,PS39,39.3947,-5.0049,0,291,1,1
XB,PS40,39.4862,-4.8449,0,292,1,1
XB,PS41,36.667,-5.9442,0,298,1,1
XB,PS42,36.5282,-5.0434,0,297,1,1
XB,PS44,36.3173,-5.9889,0,313,1,1
XB,PS45,36.3055,-5.7158,0,289,1,1
XB,PS46,36.8236,-4.3411,0,297,1,1
XB,PS47,36.8698,-4.0794,0,297,1,1
XB,PS48,36.9012,-3.7271,0,278,1,1
XB,PS49,36.9033,-3.1827,0,278,1,1
XB,PS51,36.973,-4.8873,0,280,1,1
XB,PS52,37.0036,-4.2263,0,297,1,1
XB,PS53,37.057,-3.9636,0,278,1,1
XB,PS56,37.1101,-3.4368,0,228,1,1
XB,PS57,37.0115,-2.9864,0,278,1,1
XB,PS58,37.2636,-3.9969,0,278,1,1
XB,PS59,37.3241,-3.7995,0,196,1,1
XB,PS60,37.3267,-3.4519,0,228,1,1
XB,PS61,37.2887,-3.0686,0,228,1,1
XC,BRAN,-21.359,14.749,1,101,0,1
XC,CAPN,-21.759,13.968,0,86,0,1
XC,LEON,-23.435,18.743,1,95,0,1
XC,OUTN,-20.151,15.689,1,102,0,1
XC,WATN,-20.612,17.335,1,106,0,1
XD,AMBA,-8.106,33.2588,1,40,1,1
XD,BASO,-4.3238,35.1382,1,41,1,1
XD,GOMA,-4.8392,29.6927,1,50,1,1
XD,HALE,-5.3018,38.617,1,42,1,1
XD,INZA,-5.1168,30.3988,1,47,1,1
XD,KIBA,-5.3223,36.5695,1,49,1,1
XD,KIBE,-5.3775,37.4763,1,49,1,1
XD,KOMO,-3.8422,36.7192,1,50,1,1
XD,KOND,-4.904,35.7965,1,48,1,1
XD,LONG,-2.7252,36.6983,1,50,1,1
XD,MBWE,-4.961,34.3462,1,46,1,1
XD,MITU,-6.0192,34.056,1,49,1,1
XD,MTAN,-7.9073,33.3203,1,42,1,1
XD,MTOR,-5.2508,35.4007,1,48,1,1
XD,PAND,-8.9835,33.2415,1,49,1,1
XD,PUGE,-4.7145,33.1842,1,47,1,1
XD,RUNG,-6.9372,33.518,1,49,1,1
XD,SING,-4.6403,34.7315,1,48,1,1
XD,TARA,-3.8892,36.0163,1,50,1,1
XD,TUND,-9.2958,32.7712,1,48,1,1
XD,URAM,-5.0878,32.0832,1,47,1,1
XG,AGIN,38.9391,38.713,0,49,1,1
XG,AHLT,38.7481,42.477,0,46,1,1
XG,BNGL,38.9195,40.5966,0,49,1,1
XG,BTLS,38.4311,42.1238,0,47,1,1
XG,BYKN,38.1665,41.7823,0,45,1,1
XG,CMCY,39.9205,43.1968,0,24,1,1
XG,DGSU,39.1311,42.7297,0,23,1,0
XG,DYBR,37.823,40.3186,0,46,1,1
XG,ERGN,38.2587,39.7287,0,49,1,1
XG,HAMR,39.6136,42.9927,0,48,1,1
XG,HINS,39.3489,41.6972,0,49,1,1
XG,HRPT,38.7043,39.2453,0,47,1,1
XG,HRSN,39.9453,42.2874,0,49,1,1
XG,ILIC,39.4531,38.5686,0,45,1,1
XG,IMRL,39.8787,38.1183,0,25,1,1
XG,KRLV,39.3746,40.9881,0,49,1,1
XG,KTLN,37.9533,41.7052,0,46,1,1
XG,KYPR,37.5589,41.1692,0,44,1,1
XG,MRDN,37.2897,40.7,0,49,1,1
XG,MUSH,38.7571,41.4831,0,26,1,1
XG,SILN,38.1352,41.041,0,46,1,1
XG,UZML,39.7134,39.7156,0,49,1,1
XH,AKH,38.9149,27.8081,0,34,1,1
XH,AYD,37.8407,27.8374,0,37,1,1
XH,BOZ,38.3002,28.0495,0,16,1,1
XH,DEU,38.371,27.2078,0,17,1,1
XH,KUL,38.5401,28.6339,0,16,1,1
XI,AAUS,9.035,38.767,1,94,1,1
XI,AFIF,23.931,43.04,0,14,1,1
XI,ANGA,-2.5,36.8,1,70,1,1
XI,ARBA,6.0672,37.5564,1,128,1,1
XI,BAHI,11.5743,37.3934,1,122,1,1
XI,BARI,0.4662,35.9806,1,88,1,1
XI,BDAR,9.6721,39.5254,1,109,1,1
XI,BELA,6.9286,38.4702,1,122,1,1
XI,BIRH,9.6723,39.5253,1,64,1,1
XI,BOKO,-2.255681,37.729881,1,48,0,1
XI,BUTA,8.1171,38.3824,1,91,1,1
XI,CHEF,6.1613,38.2101,1,112,1,1
XI,DELE,8.4393,36.3259,1,121,1,1
XI,DIYA,11.8343,39.5956,1,98,1,1
XI,DMRK,10.308,37.729,1,100,1,1
XI,FICH,9.7822,38.7372,1,120,1,1
XI,GOBA,7.027,39.982,1,115,1,1
XI,GUDE,8.9665,37.7652,1,118,1,1
XI,HALM,22.8454,44.3173,0,14,1,1
XI,HERO,7.0263,39.2769,1,103,1,1
XI,HIRN,9.2224,41.1059,1,93,1,1
XI,HOSA,7.564,37.8573,1,121,1,1
XI,JIMA,7.684,36.831,1,115,1,1
XI,KAKA,0.5587,34.7963,1,89,1,1
XI,KARA,10.4224,39.9348,1,96,1,1
XI,KIBO,-2.255696,37.729885,1,0,0,0
XI,KITU,-1.373,38.0021,1,92,1,1
XI,KR42,0.037997,35.726284,1,86,0,1
XI,NARO,-1.0733,35.8654,1,75,1,1
XI,NAZA,8.568,39.2907,1,101,1,1
XI,NDEI,-2.692823,38.168716,1,0,0,0
XI,NEKE,9.089,36.5235,1,122,1,1
XI,RANI,21.3116,42.7761,0,14,1,1
XI,RAYN,23.522,45.5008,0,13,1,1
XI,RIYD,24.722,46.643,0,14,1,1
XI,SELA,7.9729,39.1317,1,115,1,1
XI,SODA,18.2921,42.3769,0,14,1,1
XI,TAIF,21.281,40.349,0,7,1,1
XI,TALE,0.9792,34.976,1,86,1,1
XI,TEND,11.7925,41.0043,1,133,1,1
XI,TERC,7.1446,37.1747,1,120,1,1
XI,UQSK,25.789,42.36,0,14,1,1
XI,WANE,10.1694,40.6491,1,121,1,1
XI,WASH,8.9895,40.1659,1,118,1,1
XI,WELK,8.2946,37.7818,1,83,1,1
XJ,KEN1,-1.9412,36.6927,1,330,1,1
XJ,KEN2,-1.9184,36.2873,1,326,1,1
XJ,KEN3,-2.0932,36.1186,1,321,1,1
XJ,KEN4,-1.784,36.0536,1,328,1,1
XJ,LL21,-2.0627,35.551,1,393,1,1
XJ,LL22,-2.5195,35.5989,1,326,1,1
XJ,LL23,-2.2969,35.69,1,393,1,1
XJ,LL24,-2.2662,35.8072,1,391,1,1
XJ,LL65,-2.418,35.434,1,394,1,1
XJ,LL66,-2.6123,35.4842,1,385,1,1
XJ,LN14,-2.4394,36.4154,1,391,1,1
XJ,LN15,-2.6279,36.1846,1,385,1,1
XJ,LN16,-2.6207,36.4648,1,389,1,1
XJ,LN25,-2.5006,35.8864,1,384,1,1
XJ,LN26,-2.6104,35.8785,1,383,1,1
XJ,LN34,-2.751,36.0485,1,381,1,1
XJ,LN35,-2.6304,36.0059,1,381,1,1
XJ,LN45,-2.9927,36.2921,1,384,1,1
XJ,LN46,-3.007,36.6767,1,395,1,1
XJ,MW36,-3.0158,35.9981,1,382,1,1
XJ,MW41,-3.2305,36.4448,1,390,1,1
XJ,MW42,-3.04,36.1011,1,277,1,1
XJ,MW43,-3.2046,35.9459,1,312,1,1
XJ,MW44,-3.3437,35.6638,1,394,1,1
XJ,NG54,-2.7316,35.3595,1,391,1,1
XJ,NG55,-3.1418,35.687,1,387,1,1
XJ,NG56,-3.096,35.4086,1,393,1,1
XJ,PR11,-2.8231,36.2991,1,384,1,1
XJ,PR12,-2.8253,36.3833,1,280,1,1
XJ,PR13,-2.8426,36.4792,1,184,1,1
XJ,PR31,-2.919,36.0476,1,383,1,1
XJ,PR32,-2.8754,36.1813,1,374,1,1
XJ,PR33,-2.8391,36.1395,1,382,1,1
XJ,PR52,-2.9593,35.7024,1,382,1,1
XJ,PR53,-2.8538,35.8354,1,379,1,1
XJ,PR61,-2.9586,35.2478,1,395,1,1
XJ,PR62,-2.9834,35.3736,1,392,1,1
XJ,PR63,-2.9933,35.5067,1,389,1,1
XJ,PR64,-2.8014,35.5331,1,295,1,1
XK,B01KR,-22.2377,26.7184,1,468,1,1
XK,B02LT,-21.3928,25.5811,1,470,1,1
XK,B03SL,-21.1207,24.7635,1,471,1,1
XK,B04KH,-20.4742,24.5139,1,473,1,1
XK,B05MO,-20.2184,24.132,1,475,1,1
XK,B06OR,-19.9011,23.5269,1,476,1,1
XK,B07DX,-20.549,22.7494,1,472,1,1
XK,B08TS,-20.1645,22.4588,1,469,1,1
XK,B09NK,-19.6626,22.1937,1,475,1,1
XK,B10PP,-18.9132,22.5427,1,472,1,1
XK,B11ET,-19.0159,22.3165,1,471,1,1
XK,B12SS,-18.7462,22.1965,1,471,1,1
XK,B13NX,-18.5794,21.9944,1,472,1,1
XK,B14MH,-18.295,21.7918,1,473,1,1
XK,B15MW,-19.6305,23.8268,1,471,1,1
XK,B1665,-22.8246,27.2286,1,469,1,1
XK,B17CI,-19.2938,22.9094,1,475,1,1
XK,Q01MP,-13.4078,34.87,1,460,1,1
XK,Q02GG,-13.2923,35.0304,1,461,1,1
XK,Q03LC,-13.3088,35.2425,1,461,1,1
XK,Q04NM,-13.3309,35.6584,1,461,1,1
XK,Q05MJ,-13.3953,36.1257,1,290,1,1
XK,Q05ML,-13.4671,36.1397,1,285,1,1
XK,Q06MQ,-13.3496,36.7453,1,463,1,1
XK,Q07MR,-13.1967,37.4986,1,462,1,1
XK,W01PD,-13.7073,33.0061,1,439,1,1
XK,W02NB,-13.724,33.5599,1,439,1,1
XK,W03BL,-13.6788,33.8245,1,440,1,1
XK,W04VR,-13.7212,34.1205,1,438,1,1
XK,W05SA,0.0,0.0,0,0,1,0
XK,W05SL,-13.7627,34.3834,1,439,1,1
XK,W06SB,-13.7421,34.5959,1,430,1,1
XK,W07CR,-10.6838,34.1931,1,442,1,1
XK,W08KB,-11.61,34.2964,1,444,1,1
XK,W09TK,-12.1085,34.0464,1,443,1,1
XK,W10LW,-12.6208,34.1652,1,443,1,1
XK,W11KP,-13.2166,34.3113,1,438,1,1
XK,W12MB,-14.0852,34.9112,1,447,1,1
XK,W13CC,-14.548,35.1806,1,447,1,1
XK,W14MC,-15.0626,35.2259,1,448,1,1
XK,W15SS,-15.6818,34.9747,1,446,1,1
XK,Z01TG,-12.296,29.9948,1,455,1,1
XK,Z02PP,-12.6965,30.1358,1,455,1,1
XK,Z03CK,-12.939,30.4424,1,454,1,1
XK,Z04NN,-13.075,30.6276,1,454,1,1
XK,Z05CS,-13.1667,30.8784,1,454,1,1
XK,Z06GL,-13.3502,31.5149,1,281,1,1
XK,Z06LW,-13.3218,31.0287,1,337,1,1
XK,Z07FW,-13.1206,31.7754,1,449,1,1
XK,Z08MF,-13.2546,31.9314,1,448,1,1
XK,Z09CG,-13.3058,32.221,1,448,1,1
XK,Z10KW,-13.4991,32.3828,1,444,1,1
XK,Z11CP,-13.5636,32.5889,1,448,1,1
XS,N001,39.4692,20.3119,0,114,1,1
XS,N002,39.5405,20.3584,0,114,1,1
XS,N003,39.577,20.4251,0,114,1,1
XS,N004,39.6125,20.4861,0,114,1,1
XS,N005,39.6386,20.5694,0,86,1,1
XS,N006,39.6778,20.6118,0,114,1,1
XS,N007,39.708,20.6675,0,115,1,1
XS,N008,39.7319,20.7507,0,115,1,1
XS,N009,39.7883,20.8775,0,115,1,1
XS,N010,39.8647,20.9678,0,98,1,1
XS,N011,39.9379,21.0496,0,113,1,1
XS,N012,39.9466,21.2458,0,115,1,1
XS,N013,39.9462,21.4035,0,114,1,1
XS,N017,39.9486,21.6771,0,105,1,1
XS,N026,39.7281,22.6698,0,99,1,1
XS,N027,39.4883,22.9574,0,115,1,1
XS,N111,39.8519,21.2265,0,97,1,1
XS,N211,39.849,21.2232,0,79,1,1
XS,S001,37.283,21.718,0,89,1,1
XS,S002,37.306,21.782,0,89,1,1
XS,S003,37.321,21.808,0,89,1,1
XS,S004,37.361,21.864,0,76,1,1
XS,S005,37.4,21.919,0,89,1,1
XS,S006,37.442,22.004,0,89,1,1
XS,S007,37.454,22.055,0,89,1,1
XS,S008,37.495,22.142,0,90,1,1
XS,S009,37.548,22.212,0,90,1,1
XS,S010,37.629,22.295,0,90,1,1
XS,S011,37.606,22.47,0,90,1,1
XS,S012,37.786,22.434,0,87,1,1
XS,S013,37.806,22.593,0,90,1,1
XS,S014,37.783,22.868,0,92,1,1
XS,S015,37.972,22.618,0,92,1,1
XS,S016,37.805,23.064,0,90,1,1
XS,S017,37.954,23.012,0,92,1,1
XS,S018,38.015,23.224,0,79,1,1
XS,S019,38.259,23.065,0,92,1,1
XS,S020,38.318,22.91,0,92,1,1
XS,S021,38.361,23.089,0,92,1,1
XS,S022,38.174,23.37,0,91,1,1
XS,S023,38.105,23.592,0,91,1,1
XS,S024,38.362,23.447,0,76,1,1
XS,S025,38.566,23.213,0,92,1,1
XS,S026,38.391,23.559,0,76,1,1
XS,S027,38.237,23.666,0,92,1,1
XS,S028,38.047,23.864,0,91,1,1
XS,S029,38.075,24.366,0,75,1,1
XS,S030,38.395,24.145,0,97,1,1
XS,S031,38.426,23.899,0,95,1,1
XS,S032,38.591,23.758,0,97,1,1
XS,S033,38.723,23.491,0,97,1,1
XS,S034,38.881,23.05,0,97,1,1
XS,S035,38.661,24.108,0,96,1,1
XS,S036,38.047,23.864,0,75,1,1
XS,S037,38.921,24.53,0,86,1,1
XS,S038,37.836,24.948,0,102,1,1
XS,S039,37.457,24.949,0,59,1,1
XS,S040,37.722,24.009,0,92,1,1
XS,S041,38.047,23.864,0,45,1,1
XS,S042,38.047,23.864,0,45,1,1
XS,S104,37.366,21.859,0,41,1,1
XS,S126,38.46,23.497,0,47,1,1
XS,S129,38.089,24.362,0,50,1,1
XV,AMPY,-24.7033,44.7436,0,234,1,1
XV,ANLA,-17.7062,49.4599,0,257,1,1
XV,ANTS,-14.8843,47.9993,0,257,1,1
XV,BAEL,-14.5397,48.7467,0,233,1,1
XV,BAND,-20.3428,45.5964,0,240,1,1
XV,BANJ,-13.6426,48.4537,0,224,1,1
XV,BARY,-17.1845,46.8571,0,234,1,1
XV,BATG,-18.8786,46.1871,0,230,1,1
XV,BERG,-15.58,47.6277,0,233,1,1
XV,BITY,-20.0608,47.0001,0,235,1,1
XV,BKTA,-24.1822,45.673,0,236,1,1
XV,CPSM,-25.5358,45.15,0,235,1,1
XV,DGOS,-12.2825,49.3606,0,256,1,1
XV,KIRI,-20.0676,44.6595,0,253,1,1
XV,LAHA,-14.9344,50.2911,0,261,1,1
XV,LONA,-22.8057,44.2959,0,260,1,1
XV,MAGY,-19.3179,48.9785,0,212,1,1
XV,MAHA,-23.1714,47.6899,0,257,1,1
XV,MAJA,-15.7323,46.4263,0,258,1,1
XV,MAPH,-22.25,35.08,1,432,1,1
XV,MARO,-20.1331,44.5515,0,125,1,1
XV,MKVA,-14.1368,50.0608,0,234,1,1
XV,MMBE,-21.7501,43.3721,0,259,1,1
XV,MOCU,-16.86,36.83,1,324,1,1
XV,MSGR,-23.83,32.18,1,420,1,1
XV,NAPU,-15.08,39.25,1,424,1,1
XV,SENA,-17.445,35.032,1,426,1,1
XV,SOLA,-15.8636,48.8263,0,113,1,1
XV,TANS,-18.9176,47.5511,0,221,1,1
XV,TETE,-16.13,33.57,1,325,1,1
XV,VATO,-19.3314,48.9824,0,126,1,1
XV,VINA,-18.1769,45.2247,0,230,1,1
XV,ZAKA,-17.8471,48.423,0,230,1,1
XV,ZOBE,-18.1369,47.2289,0,235,1,1
XW,ADBA,13.5508,44.8424,0,79,1,1
XW,ADEN,12.7759,44.9824,0,246,1,0
XW,ADUA,15.0021,48.9739,0,79,1,1
XW,ALJZ,18.6157,56.5389,0,103,1,1
XW,AMDT,1.9487,34.935799,1,133,2,1
XW,ANID,15.4736,43.2048,0,79,1,1
XW,ARUT,15.1641,51.0269,0,77,1,1
XW,BSRN,18.9663,55.9722,0,193,1,1
XW,DABI,15.1325,44.269,0,60,1,1
XW,DALA,13.7348,44.7358,0,44,1,1
XW,DAMT,14.0874,44.6823,0,79,1,1
XW,DEMT,17.727,55.0729,0,169,1,0
XW,DERU,16.8359,51.8344,0,79,1,1
XW,DKUM,13.2711,44.7574,0,77,1,1
XW,DRAK,19.0152,57.761,0,183,1,1
XW,DUQM,19.5588,57.609,0,187,1,1
XW,EYUN,14.7782,49.2677,0,79,1,1
XW,FASH,15.4413,50.9481,0,77,1,1
XW,GASH,18.4324,56.108,0,168,1,1
XW,GBRA,19.092,56.5529,0,195,1,1
XW,GEAN,16.7066,49.5177,0,79,1,1
XW,GHAD,16.2459,52.2053,0,71,1,1
XW,GHDI,15.6381,52.1617,0,76,1,1
XW,GULU,2.8778,32.2848,1,134,1,1
XW,HAHY,15.2083,49.0887,0,79,1,1
XW,HAS3,17.489,55.218,0,163,1,0
XW,HATT,17.3161,52.1067,0,79,1,1
XW,HBAB,19.4432,56.7219,0,190,1,1
XW,HN01,17.9613,55.921,0,188,1,1
XW,HOTA,13.0639,44.8757,0,69,1,1
XW,KABG,3.5104,34.143299,1,131,2,1
XW,KARE,17.1566,51.9259,0,79,1,1
XW,KHAW,13.808,43.2541,0,79,1,1
XW,KHLA,13.7969,44.808,0,44,1,1
XW,KITG,3.292,32.879799,1,134,2,1
XW,KOTD,3.0002,34.110401,1,133,2,1
XW,KRWN,19.2702,57.2081,0,190,1,1
XW,KUMI,1.4769,33.864799,1,133,2,1
XW,LANG,2.7402,33.563702,1,82,0,1
XW,LIRA,2.1096,33.064301,1,135,2,1
XW,LUSA,16.4862,52.5672,0,79,1,1
XW,MADQ,16.2068,51.3972,0,208,1,0
XW,MAWI,15.4675,43.5232,0,79,1,1
XW,MIRB,16.9859,54.6973,0,169,1,0
XW,MKRZ,19.2578,57.5968,0,191,1,1
XW,MKZA,19.3696,56.3479,0,164,1,1
XW,MOKA,13.3137,43.2563,0,79,1,1
XW,MUKA,14.4872,49.0378,0,79,1,1
XW,NAPK,2.3692,34.377499,1,130,2,1
XW,NIMR,18.5414,55.8377,0,195,1,1
XW,OMRN,18.4446,55.3031,0,156,1,1
XW,QISH,15.5136,51.6861,0,79,1,1
XW,RIMA,18.8311,56.3232,0,168,1,1
XW,RUSA,14.7074,44.3539,0,79,1,1
XW,SAAH,15.5676,48.8558,0,77,1,1
XW,SABA,18.7557,56.64,0,194,1,1
XW,SADA,19.5008,57.465,0,190,1,1
XW,SAHL,18.9019,57.0402,0,192,1,1
XW,SANA,15.3926,44.2068,0,138,1,0
XW,SAUM,16.1415,49.2933,0,79,1,1
XW,SAWQ,18.1618,56.4314,0,188,1,1
XW,SAYT,15.2184,51.2504,0,77,1,1
XW,SEYU,15.9292,48.801,0,79,1,1
XW,SHA2,18.1203,55.7407,0,188,1,1
XW,SHIB,15.503,43.9055,0,79,1,1
XW,SHUH,15.6145,50.923,0,77,1,1
XW,SIMA,17.5555,52.3163,0,79,1,1
XW,SUGH,14.7971,43.4428,0,79,1,1
XW,SUYR,19.5607,57.6904,0,187,1,1
XW,TABU,15.9322,52.1383,0,79,1,1
XW,TAMR,15.7806,48.9521,0,71,1,1
XW,TAMU,17.2948,49.9286,0,79,1,1
XW,TARI,16.0478,48.9776,0,79,1,1
XW,TAWI,15.4787,43.7239,0,74,1,1
XW,TINA,16.5261,52.0823,0,79,1,1
XW,UAYA,15.7093,42.6934,0,77,1,1
XW,WAYM,17.9153,55.6437,0,183,1,1
XW,YSLE,14.9387,44.2816,0,79,1,1
XW,ZUWA,15.7275,43.0218,0,79,1,1
XZ,S01,17.027,54.113,0,17,1,1
XZ,S02,17.126,53.996,0,17,1,1
XZ,S03,17.25,54.084,0,17,1,1
XZ,S04,17.444,54.042,0,16,1,1
XZ,S05,17.354,53.968,0,14,1,1
XZ,S06,17.621,54.051,0,17,1,1
XZ,S07,17.255,54.488,0,17,1,1
XZ,S08,17.113,54.523,0,14,1,1
XZ,S09,16.986,54.697,0,17,1,1
XZ,S10,17.503,54.204,0,17,1,1
XZ,S11,16.823,53.47,0,14,1,1
Y6,ADEP,7.77344,38.883831,1,105,2,1
Y6,AJEE,7.25954,38.302601,1,93,2,1
Y6,ANOL,8.18231,39.180901,1,119,2,1
Y6,ASSE,7.93739,39.128651,1,121,2,1
Y6,BEKO,7.54153,39.259369,1,129,2,1
Y6,BESH,7.89624,38.928089,1,122,2,1
Y6,BETI,7.19412,38.41172,1,126,2,1
Y6,BRRR,7.19894,38.476089,1,126,2,1
Y6,CHEF,7.14898,38.43211,1,126,2,1
Y6,CHKA,8.25696,39.220718,1,109,2,1
Y6,CORB,7.22324,38.38504,1,126,2,1
Y6,DORE,7.03129,38.3615,1,111,2,1
Y6,FINH,6.9666,38.46207,1,111,2,1
Y6,GALU,7.80116,38.7672,1,91,2,1
Y6,GEBI,8.21852,39.106339,1,95,0,1
Y6,GOND,8.04166,39.194618,1,124,2,1
Y6,GRIM,7.16118,38.394749,1,125,2,1
Y6,GULA,7.84467,38.72617,1,126,2,1
Y6,HABU,7.73701,38.726318,1,131,2,1
Y6,HAWA,7.05183,38.501701,1,126,2,1
Y6,HURT,8.12121,39.12833,1,104,2,1
Y6,ITTE,8.12581,39.226139,1,128,2,1
Y6,JIMA,8.30641,38.998329,1,99,2,1
Y6,JIRE,8.24042,38.933029,1,106,2,1
Y6,KADO,7.29486,38.65477,1,122,2,1
Y6,MILA,7.12967,38.434429,1,102,2,1
Y6,ODAS,8.12327,38.964619,1,122,2,1
Y6,OGOL,8.04029,39.014141,1,122,2,1
Y6,OHIT,7.71629,38.757702,1,102,2,1
Y6,POWR,7.78835,38.793758,1,116,2,1
Y6,SAGU,7.76035,39.160759,1,123,2,1
Y6,SANK,7.19784,38.270828,1,111,2,1
Y6,SHAS,7.20504,38.602951,1,101,2,1
Y6,SPEC,7.15237,38.500992,1,126,2,1
Y6,TAKO,7.2485,38.474442,1,0,0,0
Y6,TATA,7.2604,38.443981,1,94,2,1
Y6,TULL,8.181,39.058,1,125,2,1
Y6,ULAR,8.1435,39.078,1,123,2,1
Y6,URJI,7.187,38.379,1,98,2,1
Y6,WOND,7.098,38.631,1,126,2,1
Y6,YIRG,6.744,38.39,1,103,2,1
YA,KV01,-2.078,29.351,1,316,0,1
YA,KV02,-1.937,29.458,1,0,0,0
YA,KV03,-1.903,29.347,1,349,0,1
YA,KV04,-1.457,29.526,1,350,0,1
YA,KV05,-1.674,29.264,1,349,2,1
YA,KV06,-1.678,29.411,1,189,2,1
YA,KV07,-1.558,29.365,1,349,2,1
YA,KV08,-1.593,29.45,1,349,2,1
YB,A1,29.4411,51.3067,0,0,1,0
YB,A2,29.7872,51.7822,0,0,1,0
YB,A22,29.789,51.782,0,0,1,0
YB,A3,29.3486,51.8608,0,0,1,0
YB,AT01,39.724,36.7109,0,238,1,1
YB,AT02,39.3806,37.0573,0,238,1,1
YB,AT03,39.0301,37.5955,0,215,1,1
YB,AT04,38.6278,38.1385,0,238,1,1
YB,AT05,38.2174,38.7937,0,234,1,1
YB,AT06,39.6731,35.6665,0,237,1,1
YB,AT07,39.1454,36.2223,0,236,1,1
YB,AT08,38.804,36.9266,0,238,1,1
YB,AT09,38.4019,37.5696,0,232,1,1
YB,AT10,38.0119,37.8609,0,168,1,1
YB,AT11,37.7579,38.3758,0,239,1,1
YB,AT12,39.4523,34.7451,0,237,1,1
YB,AT13,39.077,35.3153,0,237,1,1
YB,AT14,38.6277,36.0603,0,238,1,1
YB,AT15,38.3476,36.7763,0,238,1,1
YB,AT16,38.0842,37.136,0,238,1,1
YB,AT17,37.7466,37.52,0,239,1,1
YB,AT18,37.4427,37.9589,0,233,1,1
YB,AT19,39.7352,33.5811,0,238,1,1
YB,AT20,39.3639,34.1573,0,238,1,1
YB,AT21,38.9269,34.5246,0,238,1,1
YB,AT22,38.5906,34.9903,0,238,1,1
YB,AT23,38.3631,35.5496,0,237,1,1
YB,AT24,38.1646,35.9024,0,238,1,1
YB,AT25,37.9181,36.4592,0,185,1,1
YB,AT26,37.6299,36.7315,0,218,1,1
YB,AT27,37.4836,37.1963,0,166,1,1
YB,AT28,37.2527,37.5501,0,239,1,1
YB,AT29,39.179,33.3776,0,238,1,1
YB,AT30,38.764,34.0045,0,238,1,1
YB,AT31,38.5727,34.5084,0,239,1,1
YB,AT32,38.2967,34.889,0,238,1,1
YB,AT33,38.0292,35.1502,0,238,1,1
YB,AT34,37.9051,35.5147,0,238,1,1
YB,AT35,37.6727,35.8772,0,238,1,1
YB,AT37,37.2442,36.4915,0,217,1,1
YB,AT38,37.0361,36.808,0,240,1,1
YB,AT39,36.9321,37.2226,0,152,1,1
YB,AT40,38.8489,32.4513,0,239,1,1
YB,AT41,38.4684,33.2447,0,238,1,1
YB,AT42,38.2751,33.8726,0,238,1,1
YB,AT43,38.0579,34.3305,0,193,1,1
YB,AT44,37.8467,34.612,0,167,1,1
YB,AT45,37.6876,35.0198,0,238,1,1
YB,AT46,37.3027,35.5761,0,234,1,1
YB,AT47,36.9918,35.991,0,0,1,0
YB,AT48,36.6193,36.4138,0,238,1,1
YB,AT49,38.5137,32.253,0,239,1,1
YB,AT50,38.2999,32.8781,0,239,1,1
YB,AT51,38.0085,33.3797,0,238,1,1
YB,AT52,37.9145,33.8631,0,238,1,1
YB,AT53,37.5773,34.3336,0,238,1,1
YB,AT54,37.4756,34.8818,0,238,1,1
YB,AT55,37.0837,35.0873,0,237,1,1
YB,AT56,36.7019,35.5469,0,230,1,1
YB,AT57,37.8143,32.8774,0,239,1,1
YB,AT58,37.565,33.3254,0,235,1,1
YB,AT59,37.2833,33.8196,0,239,1,1
YB,AT60,37.0163,34.3637,0,239,1,1
YB,AT61,37.4495,32.3623,0,233,1,1
YB,AT62,37.103,33.0534,0,239,1,1
YB,AT63,36.7125,33.472,0,240,1,1
YB,AT64,36.6013,34.1213,0,237,1,1
YB,AT65,38.2207,34.9629,0,0,1,0
YB,AT66,37.4212,36.175,0,163,1,1
YB,AT67,36.9517,36.2478,0,152,1,1
YB,AT68,38.0245,37.8338,0,152,1,1
YB,AT69,37.4842,37.197,0,153,1,1
YB,AT70,37.9336,34.5432,0,152,1,1
YB,AT71,37.3779,34.2587,0,106,1,1
YB,AT7A,39.1455,36.221,0,0,1,0
YB,B1,29.8408,52.5775,0,0,1,0
YB,B2,30.1883,52.5039,0,0,1,0
YB,B3,30.1328,53.0561,0,0,1,0
YB,BB01,-28.306999,24.7542,1,0,0,0
YB,BB06,-28.452101,24.6241,1,0,0,0
YB,BB07,-28.4161,24.692301,1,0,0,0
YB,BB08,-28.428499,24.628799,1,0,0,0
YB,BB09,-28.4494,24.637699,1,0,0,0
YB,BB11,-28.466999,24.5471,1,0,0,0
YB,BB12,-28.528799,24.7108,1,0,0,0
YB,BB13,-28.5394,24.7355,1,0,0,0
YB,BB14,-28.5404,24.6768,1,0,0,0
YB,BB16,-28.580099,24.539,1,0,0,0
YB,BB19,-28.601999,24.832399,1,0,0,0
YB,BB20,-28.6327,24.6847,1,0,0,0
YB,BB22,-28.6306,24.784401,1,0,0,0
YB,BB23,-28.6453,24.823799,1,0,0,0
YB,BB24,-28.6427,24.632299,1,0,0,0
YB,BB26,-28.671801,24.968,1,0,0,0
YB,BB27,-28.674299,24.5217,1,0,0,0
YB,BB28,-28.694599,24.5613,1,0,0,0
YB,BB29,-28.7047,24.843599,1,0,0,0
YB,BB30,-28.796301,24.866199,1,0,0,0
YB,BB31,-28.793699,24.9256,1,0,0,0
YB,BB32,-28.8146,24.9778,1,77,1,1
YB,C2,32.1487,53.8061,0,0,1,0
YB,D1,32.0394,54.5054,0,0,1,0
YB,D2,32.4341,54.7063,0,0,1,0
YB,D3,32.4066,54.0931,0,0,1,0
YB,M1,29.0494,51.3189,0,0,1,0
YB,M2,29.7131,52.2296,0,0,1,0
YB,M3,30.2519,53.2461,0,0,1,0
YB,M5,31.0498,52.8536,0,0,1,0
YB,M6,31.5761,53.8114,0,0,1,0
YB,M7,32.599,55.1952,0,0,1,0
YB,M8,32.9657,55.4836,0,0,1,0
YD,ACII,39.359,16.2268,0,19,1,1
YD,ALDC,39.959,16.3813,0,17,1,1
YD,BRCA,39.5164,16.5127,0,18,1,1
YD,CIVI,39.8283,16.315,0,16,1,1
YD,CO22,39.4926,16.3051,0,17,1,1
YD,GERM,39.3203,16.6674,0,18,1,1
YD,MMNN,39.8909,15.9904,0,15,1,1
YD,PIAN,38.9576,16.3968,0,16,1,1
YD,STEC,38.9426,16.9257,0,22,1,1
YF,ABSA,36.2765,7.4734,1,132,1,1
YF,APER,35.5504,27.1741,0,46,1,1
YF,CDLV,29.1631,-13.4439,1,78,1,1
YF,GHAR,32.1224,13.0885,1,91,1,1
YF,ITHO,37.1786,21.9252,0,45,1,1
YF,KOUM,37.7041,26.8377,0,21,1,1
YF,MARJ,32.5226,20.8776,1,68,1,1
YH,CHAL,-6.6403,38.367,1,289,1,1
YH,IFAK,-8.1397,36.6828,1,279,1,1
YH,INDI,-10.0167,39.7149,1,319,1,1
YH,KIMA,-8.9199,39.5141,1,286,1,1
YH,MANG,-7.1981,38.7733,1,320,1,1
YH,MOHO,-8.1426,39.1832,1,319,1,1
YH,MTWA,-10.2776,40.194,1,292,1,1
YH,WALE,-9.7896,37.917,1,311,1,1
YI,AAIR,-9.9546,33.8955,1,108,1,1
YI,SCH,-10.1757,34.0324,1,133,1,1
YJ,ADEE,7.7909,39.9068,1,96,1,1
YJ,ADUE,8.5403,38.9019,1,95,1,1
YJ,AMME,8.3031,39.0934,1,89,1,1
YJ,ANKE,9.5927,39.7339,1,101,1,1
YJ,AREE,8.9385,39.4188,1,94,1,1
YJ,ASEE,7.9729,39.1317,1,62,1,1
YJ,AWAE,8.9895,40.1659,1,69,1,1
YJ,BEDE,8.9086,40.771,1,98,1,1
YJ,BORE,8.7458,39.554,1,95,1,1
YJ,BUTE,8.117,38.3824,1,67,1,1
YJ,CHAE,9.3118,38.7624,1,95,1,1
YJ,DEBE,8.78027,38.995899,1,0,0,0
YJ,DIKE,8.0627,39.5566,1,97,1,1
YJ,DONE,8.509,39.5504,1,95,1,1
YJ,DZEE,8.7803,38.9959,1,86,1,1
YJ,GEWE,10.006,40.5743,1,93,1,1
YJ,GTFE,9.0034,39.8376,1,96,1,1
YJ,HIRE,9.2221,41.1059,1,0,1,0
YJ,INEE,9.8954,39.1431,1,101,1,1
YJ,KARE,10.4224,39.9349,1,64,1,1
YJ,KOTE,9.3875,39.3961,1,95,1,1
YJ,LEME,8.6115,38.6095,1,83,1,1
YJ,MECE,8.5938,40.3241,1,98,1,1
YJ,MEKE,8.1623,38.833,1,96,1,1
YJ,MELE,9.3106,40.2008,1,96,1,1
YJ,MIEE,9.2416,40.7581,1,98,1,1
YJ,NURE,8.7312,39.7956,1,95,1,1
YJ,SENE,9.1466,39.0166,1,97,1,1
YJ,SHEE,9.9996,39.8946,1,85,1,1
YJ,WOLE,8.53394,37.98222,1,65,0,1
YL,GOCE,39.743,34.348,0,134,1,1
YQ,BAKO,-8.8437,34.8016,1,263,1,1
YQ,BANG,-10.1128,35.6506,1,262,1,1
YQ,BUMI,-10.1277,34.9365,1,252,1,1
YQ,CHML,-8.8261,34.0283,1,340,1,1
YQ,CHUN,-8.5434,33.4337,1,223,1,1
YQ,CRTR,-9.3318,33.7513,1,341,1,1
YQ,GAWA,-8.7648,34.3864,1,261,1,1
YQ,IGOM,-9.0,33.6573,1,335,1,1
YQ,ILIN,-9.0818,33.3327,1,343,1,1
YQ,ILOM,-9.2829,33.3421,1,338,1,1
YQ,ISOK,-9.509,33.4944,1,337,1,1
YQ,ITUM,-9.4005,33.188,1,260,1,1
YQ,JILO,-8.7261,33.5663,1,339,1,1
YQ,KIDE,-9.2745,35.0214,1,260,1,1
YQ,KIFA,-9.5472,35.1026,1,258,1,1
YQ,KIMO,-10.6922,36.0463,1,257,1,1
YQ,KIPE,-9.2936,34.4364,1,346,1,1
YQ,KURU,-11.1996,35.4577,1,264,1,1
YQ,LIGA,-10.6835,35.2545,1,260,1,1
YQ,LOSI,-8.3872,33.1682,1,261,1,1
YQ,MAKE,-9.2647,34.0968,1,344,1,1
YQ,MAND,-10.4782,34.6005,1,260,1,1
YQ,MATA,-8.9593,33.9689,1,342,1,1
YQ,MBAM,-11.2484,34.7919,1,260,1,1
YQ,MBEY,-8.9996,33.2504,1,343,1,1
YQ,MBHS,-9.4309,33.9846,1,342,1,1
YQ,MFRI,-9.2944,35.3129,1,215,1,1
YQ,MKIL,-10.8807,34.6813,1,259,1,1
YQ,MUDI,-9.8621,34.9373,1,257,1,1
YQ,MZUN,-9.1502,33.5213,1,340,1,1
YQ,NGEA,-10.6754,35.6744,1,261,1,1
YQ,NIND,-10.1421,34.5792,1,260,1,1
YQ,NKAL,-9.1881,33.7736,1,340,1,1
YQ,TIRI,-10.7626,34.8831,1,259,1,1
YQ,TOLA,-9.5921,34.5841,1,258,1,1
YQ,UKWA,-9.4539,34.2158,1,345,1,1
YQ,UNDA,-9.8536,34.4738,1,258,1,1
YQ,UWEM,-9.4696,34.7859,1,257,1,1
YQ,WINO,-9.7576,35.3001,1,259,1,1
YQ,ZINI,-10.4659,35.3383,1,259,1,1
YR,ABAY,12.6046,54.3228,0,64,1,1
YR,ADHO,17.2421,54.2845,0,60,1,1
YR,ALE,9.4214,42.0347,1,0,1,0
YR,AYDO,16.9884,53.3599,0,61,1,1
YR,AYNO,17.2559,53.894,0,62,1,1
YR,BANO,17.6889,54.4384,0,30,1,1
YR,DAHO,17.5256,54.3511,0,61,1,1
YR,DMTO,17.7303,55.074,0,61,1,1
YR,DSS,11.118,39.6351,1,0,1,0
YR,GDR,12.559,37.454,1,0,1,0
YR,HADO,17.2229,55.1937,0,61,1,1
YR,HASO,17.4923,55.219,0,0,1,0
YR,HAYO,17.1835,53.3401,0,61,1,1
YR,MADO,17.1989,54.3812,0,61,1,1
YR,MDYO,17.4646,53.3583,0,54,1,1
YR,MUGO,16.9013,53.7742,0,61,1,1
YR,NNMO,17.3561,54.2534,0,62,1,1
YR,QALY,12.695,53.488,0,64,1,1
YR,RAHO,17.0565,53.807,0,62,1,1
YR,SAHO,17.1143,54.6795,0,61,1,1
YR,SAY,15.3548,44.1999,0,0,1,0
YR,SHIO,17.1891,54.1655,0,52,1,1
YR,SOOO,17.0773,54.8847,0,61,1,1
YR,TQHO,17.0634,54.4296,0,61,1,1
YR,YAF,13.8711,45.2497,0,0,1,0
YV,RUM1,-22.802,47.718,0,170,0,0
YV,RUM2,-22.137,48.002,0,0,0,0
YV,RUM3,-23.799,47.546,0,253,0,0
YV,RUM4,-24.277,47.316,0,213,0,0
YV,RUM5,-24.784,47.085,0,255,0,0
YV,EURO,-22.344,40.34,0,276,0,1
YV,JNOV,-17.054,42.713,0,0,0,0
YV,MAYO,-12.846,45.187,0,0,0,0
YV,GLOR,-11.582,47.29,0,0,0,0
YY,ABMD,11.832,35.583,1,303,2,1
YY,ASOS,10.9011,34.5644,1,284,2,1
YY,BAHI,11.56,37.384,1,316,2,1
YY,CASA,13.566,36.966,1,222,2,1
YY,CHGE,10.9614,36.5184,1,316,2,1
YY,CHRH,12.564,36.401,1,0,2,0
YY,DAQU,13.145,37.898,1,187,2,1
YY,DEBR,10.635,35.662,1,309,2,1
YY,DLMN,6.424,39.856,1,284,2,1
YY,GIDA,8.98,34.61,1,326,2,1
YY,GINR,7.13,40.715,1,271,2,1
YY,GOND,13.0,37.448,1,314,2,1
YY,GORE,8.15,35.533,1,326,2,1
YY,GUBA,11.271,35.289,1,322,2,1
YY,GUBL,11.179,36.005,1,253,2,1
YY,HARO,9.847,36.31,1,331,2,1
YY,HDBU,9.376,35.651,1,277,2,1
YY,JAWI,11.571,36.491,1,293,2,1
YY,KIRE,9.957,36.869,1,331,2,1
YY,MDBA,12.575,36.156,1,0,0,0
YY,MELA,12.396,35.96,1,291,2,1
YY,MEND,9.787,35.112,1,314,2,1
YY,MERT,10.876,38.266,1,227,2,1
YY,MGNA,12.786,36.404,1,264,2,1
YY,MUKA,12.064,36.374,1,263,2,1
YY,NEKE,9.089,36.524,1,336,2,1
YY,NGLE,5.332,39.574,1,284,2,1
YY,SERE,12.513,37.028,1,319,2,1
YY,SHAW,11.93,36.87,1,297,2,1
YY,SHER,10.594,34.786,1,321,2,1
YY,SILA,12.744,36.989,1,309,2,1
YY,TABO,11.855,38.019,1,0,2,0
YY,WADE,5.785,39.312,1,284,2,1
YZ,ABAE,13.3528,39.7627,1,152,1,1
YZ,AFDE,13.20733,40.85717,1,146,0,1
YZ,AWRE,12.06597,40.071541,1,0,0,0
YZ,BOOE,12.6753,40.5231,1,60,1,1
YZ,BOSE,12.6421,40.5243,1,93,1,1
YZ,BOVE,12.657,40.5212,1,60,1,1
YZ,SEME,11.7918,41.0034,1,148,1,1
YZ,SILE,12.4069,41.1879,1,150,1,1
YZ,TERE,12.4832,40.3144,1,150,1,1
ZE,AFME,13.204,40.8585,1,264,1,1
ZE,ALEE,12.4106,40.598202,1,0,0,0
ZE,AWEE,12.0673,40.0719,1,206,1,1
ZE,BARE,12.6443,40.3556,1,133,1,1
ZE,BERE,12.1707,41.1886,1,98,1,1
ZE,BREE,12.1704,41.1883,1,204,1,1
ZE,CHIE,11.5979,40.0188,1,261,1,1
ZE,DAME,11.6868,40.9625,1,199,1,1
ZE,DIGE,12.3279,40.2734,1,263,1,1
ZE,FINE,12.0681,40.316,1,268,1,1
ZE,HARE,11.6072,40.884,1,254,1,1
ZE,MEGE,11.4906,41.3381,1,0,1,0
ZE,MILE,11.4238,40.765,1,195,1,1
ZE,RODE,12.8415,40.9826,1,208,1,1
ZE,SEHE,12.0401,40.9769,1,210,1,1
ZE,SEME,11.7926,41.0044,1,263,1,1
ZE,SILE,12.407,41.1879,1,262,1,1
ZE,SULE,12.7351,41.139599,1,0,0,0
ZE,TRUE,12.4841,40.3161,1,189,1,1
ZF,ABAE,13.3535,39.7635,1,215,1,1
ZF,ADTE,11.1221,40.757,1,210,1,1
ZF,ADYE,13.635,38.9811,1,215,1,1
ZF,AFRE,-24.212,28.883,1,0,0,0
ZF,AKEE,10.8883,39.168,1,213,1,1
ZF,ASYE,11.5607,41.4422,1,124,1,1
ZF,AWSE,8.9897,40.17,1,209,1,1
ZF,BOBE,10.3798,42.5724,1,145,1,1
ZF,BTIE,11.1949,40.0218,1,211,1,1
ZF,DERE,11.1179,39.6353,1,208,1,1
ZF,DICE,11.9136,41.5737,1,212,1,1
ZF,ELLE,11.2579,40.3784,1,139,1,1
ZF,ERTE,13.4463,40.4969,1,114,1,1
ZF,GASE,11.6813,38.9211,1,155,1,1
ZF,GEWE,10.0045,40.5739,1,213,1,1
ZF,HALE,13.8422,40.0077,1,125,1,1
ZF,HYNE,9.3148,42.0962,1,136,1,1
ZF,KOBE,12.1506,39.6298,1,133,1,1
ZF,KORE,10.4265,39.9344,1,143,1,1
ZF,LALE,12.0258,39.0375,1,212,1,1
ZF,LYDE,12.0546,41.9257,1,214,1,1
ZF,MAYE,12.7832,39.5343,1,213,1,1
ZF,MISE,9.2369,40.7591,1,215,1,1
ZF,QATE,9.3753,41.4691,1,213,1,1
ZF,SEKE,12.6217,39.0334,1,215,1,1
ZF,SMEE,11.7926,41.0043,1,0,1,0
ZF,SMRE,13.1977,39.2111,1,155,1,1
ZF,SRDE,11.9579,41.31,1,195,1,1
ZF,WLDE,11.8243,39.5874,1,111,1,1
ZF,WUCE,11.5116,39.6064,1,133,1,1
ZF,YAYE,11.8608,37.9965,1,147,1,1
ZK,AD01,11.315,40.571,1,283,2,1
ZK,AD02,11.349,40.688,1,310,2,1
ZK,AD03,11.422,40.766,1,304,2,1
ZK,AD04,11.537,40.841,1,141,2,1
ZK,AD05,11.608,40.906,1,298,2,1
ZK,AD06,11.675,40.94,1,298,2,1
ZK,AD07,11.727,40.99,1,246,2,1
ZK,AD08,11.776,41.029,1,299,2,1
ZK,AD09,11.817,41.05,1,299,2,1
ZK,AD10,11.9,41.137,1,300,2,1
ZK,AD11,11.742,41.296,1,246,2,1
ZK,AD13,11.958,41.31,1,302,2,1
ZK,AD14,11.939,41.455,1,302,2,1
ZK,AD15,11.88,41.707,1,307,0,1
ZK,AD16,11.82,41.753,1,307,2,1
ZK,AD17,11.742,41.837,1,307,2,1
ZK,AD18,11.908,41.791,1,307,2,1
ZK,AD19,12.055,41.926,1,302,2,1
ZP,BEND,0.581,31.392,1,136,1,1
ZP,BIHA,-2.638,31.316,1,173,1,1
ZP,BKBA,-1.364,31.812,1,172,1,1
ZP,BUTI,1.819,31.326,1,138,1,1
ZP,CHAM,-10.9505,31.0691,1,248,1,1
ZP,CHIM,-8.8263,34.0284,1,269,1,1
ZP,FOPO,0.663,30.282,1,141,1,1
ZP,GABZ,-12.171,26.367,1,298,1,1
ZP,GEIT,-2.881,32.217,1,174,1,1
ZP,HAMA,-3.832,32.642,1,114,1,1
ZP,IRIN,-7.762,35.6864,1,285,1,1
ZP,ISOK,-10.1708,32.6457,1,299,1,1
ZP,JNJA,0.446,33.182,1,148,1,1
ZP,KAMZ,-14.7948,24.8044,1,256,1,1
ZP,KASM,-10.2174,31.1401,1,267,1,1
ZP,KATE,-0.138,29.871,1,140,1,1
ZP,KBLE,-1.254,29.992,1,129,1,1
ZP,KGMA,-4.878,29.633,1,325,1,1
ZP,KIBO,-3.583,30.713,1,166,1,1
ZP,KISH,-12.0219,29.6123,1,299,1,1
ZP,KISZ,-12.1116,25.4952,1,279,1,1
ZP,KMPZ,-13.4568,25.8337,1,296,1,1
ZP,KYLA,-9.5986,33.8673,1,202,1,1
ZP,LAEL,-8.566,32.0591,1,297,1,1
ZP,LOSS,-8.4166,33.1575,1,276,1,1
ZP,LWNG,-10.2498,29.921,1,289,1,1
ZP,MAFI,-8.3057,35.3132,1,275,1,1
ZP,MAKA,-8.8465,34.8302,1,145,1,1
ZP,MALE,1.07,34.167,1,146,1,1
ZP,MANS,-11.14,28.8749,1,299,1,1
ZP,MAUS,-2.741,36.704,1,294,1,1
ZP,MGOR,-6.8279,37.6696,1,252,1,1
ZP,MIKU,-7.4035,36.9902,1,286,1,1
ZP,MKRE,-4.282,30.424,1,146,1,1
ZP,MKUS,-13.6035,29.3791,1,231,1,1
ZP,MLBA,-1.838,31.67,1,165,1,1
ZP,MPIK,-11.821,31.4517,1,294,1,1
ZP,MUFZ,-13.1442,25.0213,1,298,1,1
ZP,MWEN,-10.0582,28.7017,1,223,1,1
ZP,NAMA,-7.5094,31.0414,1,286,1,1
ZP,NJOM,-9.3665,34.7911,1,305,1,1
ZP,PIGI,0.231,32.319,1,181,1,1
ZP,PNDA,-6.3519,31.0613,1,285,1,1
ZP,ROTI,1.626,33.6,1,149,1,1
ZP,SAKA,-0.315,31.737,1,135,1,1
ZP,SERJ,-13.2275,30.215,1,298,1,1
ZP,SHWG,-11.1925,31.7397,1,272,1,1
ZP,SONG,-10.6738,35.6507,1,305,1,1
ZP,SULU,-4.573,30.087,1,149,1,1
ZP,SUMB,-7.9531,31.6195,1,160,1,1
ZP,TUND,-9.2958,32.7712,1,283,1,1
ZP,UVZA,-5.1049,30.3934,1,228,1,1
ZP,WINO,-9.7576,35.3001,1,246,1,1
ZS,AICH,-3.686,35.538,1,111,0,0
ZS,ARSH,-3.386,36.721,1,0,0,0
ZS,BASH,-4.004,35.3511,1,0,0,0
ZS,BUKU,-3.90117,34.5209,1,0,0,0
ZS,COFF,-3.39481,36.8746,1,0,0,0
ZS,ENDA,-3.37611,35.337,1,0,0,0
ZS,ESIL,-3.446,35.975,1,113,0,1
ZS,GIDA,-3.737,35.064,1,107,0,0
ZS,GLAI,-2.72133,36.1129,1,0,0,0
ZS,GLUM,-2.62114,36.1814,1,0,0,0
ZS,KRTU,-3.356,35.396,1,0,0,0
ZS,KWSI,-3.473,36.205,1,0,0,0
ZS,LESI,-3.38,36.487,1,0,0,0
ZS,LGDO,-2.725,36.698,1,0,0,0
ZS,OLKO,-3.345,37.104,1,0,0,0
ZS,LWON,-2.743,36.036,1,0,0,0
ZS,MAGA,-3.81,35.691,1,0,0,0
ZS,MALJ,-3.191,35.471,1,70,0,0
ZS,MANG,-3.493,35.393,1,0,0,0
ZS,MANY,-3.396,35.812,1,92,0,1
ZS,MARN,-3.627,35.273,1,73,0,0
ZS,MBUL,-3.878,35.514,1,0,0,0
ZS,MGWE,-3.91,37.789,1,86,0,0
ZS,MINJ,-3.728,35.908,1,0,0,0
ZS,MKAO,-3.408,34.741,1,0,0,0
ZS,MLLA,-3.231,36.861,1,0,0,0
ZS,MONG,-3.911,35.254,1,118,0,1
ZS,MOSH,-3.305,37.329,1,0,0,0
ZS,MWAB,-3.839,34.644,1,0,0,0
ZS,NAIT,-3.603,36.083,1,0,0,0
ZS,NGRE,-3.033,36.866,1,0,0,0
ZS,NOON,-2.993,36.292,1,0,0,0
ZS,OSIN,-3.368,35.038,1,0,0,0
ZS,SELE,-3.217,35.95,1,0,0,0
ZS,SIMA,-3.562,37.026,1,0,0,0
ZS,SOPA,-3.154,35.76,1,0,0,0
ZS,TREE,-3.97,35.747,1,0,0,0
ZT,CRAIL,-22.80259,28.24304,1,0,0,0
ZT,DULL,-25.36478,30.17588,1,0,0,0
ZT,HOED,-24.41274,30.93244,1,0,0,0
ZT,KEIT,-23.399585,28.875164,1,0,0,0
ZT,LESE,-24.4152,29.7445,1,180,1,1
ZT,MARA,-24.415186,29.744509,1,0,0,0
ZT,MARK,-24.461632,27.575478,1,0,0,0
ZT,MPHEP,-23.589013,28.391223,1,0,0,0
ZT,MRCO,-22.906549,30.174919,1,0,0,0
ZT,MTLB,-25.47234,26.400268,1,0,0,0
ZT,NHAM,-23.81433,27.05694,1,0,0,0
ZT,NYAT,-24.91566,27.31703,1,0,0,0
ZT,NYLS,-25.36745,27.5669,1,0,0,0
ZT,PUMBA,-24.659246,28.703229,1,0,0,0
ZT,RUST,-23.700916,29.527368,1,0,0,0
ZT,SCHUN,-25.23919,28.52397,1,0,0,0
ZT,SHUDU,-24.825484,29.361029,1,0,0,0
ZT,TSWA,-24.37585,28.15278,1,0,0,0
ZT,TZAN,-25.42153,28.07967,1,0,0,0
ZT,VERL,-23.928297,30.173907,1,0,0,0
ZT,VOET,-24.789976,28.378838,1,0,0,0
ZT,WALT,-25.456695,29.438377,1,0,0,0
ZT,WTBG,-26.090527,27.84521,1,0,0,0
ZU,LWND,-2.7454,36.0408,1,84,1,1
ZV,CHAA,-7.5911,31.2704,1,244,1,1
ZV,KALA,-8.1337,30.9701,1,259,1,1
ZV,KARA,-6.8216,30.4394,1,260,1,1
ZV,KASA,-8.4383,31.1473,1,259,1,1
ZV,KIPA,-7.4322,30.591,1,256,1,1
ZV,KISA,-7.1901,31.0231,1,253,1,1
ZV,KOLA,-7.1687,30.5375,1,254,1,1
ZV,LAEA,-8.5768,32.0422,1,258,1,1
ZV,NAMA,-7.6236,30.6592,1,255,1,1
ZV,NEMA,-7.5201,31.0442,1,252,1,1
ZV,NINA,-7.6889,30.7241,1,257,1,1
ZV,SITA,-6.6192,31.1427,1,260,1,1
ZV,SUMA,-7.9639,31.6252,1,257,1,1
